Code,Description,Active
"0111",Wheat,true
"0112",Rice,true
"0115",Corn,true
"0116",Soybeans,true
"0119",Cash Grains,true
"0131",Cotton,true
"0132",Tobacco,true
"0133",Sugarcane And Sugar Beets,true
"0134",Irish Potatoes,true
"0139","Field Crops, Except Cash Grains",true
"0161",Vegetables And Melons,true
"0171",Berry Crops,true
"0172",Grapes,true
"0173",Tree Nuts,true
"0174",Citrus Fruits,true
"0175",Deciduous Tree Fruits,true
"0179",Fruits And Tree Nuts,true
"0181",Ornamental Nursery Products,true
"0182",Food Crops Grown Under Cover,true
"0191","General Farms, Primarily Crop",true
"0211",Beef Cattle Feedlots,true
"0212","Beef Cattle, Except Feedlots",true
"0213",Hogs,true
"0214",Sheep And Goats,true
"0219",General Livestock,true
"0240",Legacy Docket Conv,false
"0241",Dairy Farms,true
"0251","Broiler, Fryer, And Roaster Chickens",true
"0252",Chicken Eggs,true
"0253",Turkeys And Turkey Eggs,true
"0254",Poultry Hatcheries,true
"0259",Poultry And Eggs,true
"0271",Fur-Bearing Animals And Rabbits,true
"0272",Horses And Other Equines,true
"0273",Animal Aquaculture,true
"0279",Animal Specialties,true
"0291","General Farms, Primarily Animal",true
"0711",Soil Preparation Services,true
"0721",Crop Planting And Protecting,true
"0722",Crop Harvesting,true
"0723",Crop Preparation Services For Market,true
"0724",Cotton Ginning,true
"0729",Legacy Docket Conv,false
"0741",Veterinary Services For Livestock,true
"0742","Veterinary Services, Specialties",true
"0751","Livestock Services, Except Veterinary",true
"0752",Animal Specialty Services,true
"0761",Farm Labor Contractors,true
"0762",Farm Management Services,true
"0781",Landscape Counseling And Planning,true
"0782",Lawn And Garden Services,true
"0783",Ornamental Shrub And Tree Services,true
"0811",Timber Tracts,true
"0821",Legacy Docket Conv,false
"0831",Forest Products,true
"0851",Forestry Services,true
"0910",Legacy Docket Conv,false
"0912",Finfish,true
"0913",Shellfish,true
"0919",Miscellaneous Marine Products,true
"0921",Fish Hatcheries And Preserves,true
"0971","Hunting, Trapping, Game Propagation",true
"1011",Iron Ores,true
"1021",Copper Ores,true
"1031",Lead And Zinc Ores,true
"1041",Gold Ores,true
"1044",Silver Ores,true
"1061","Ferroalloy Ores, Except Vanadium",true
"1081",Metal Mining Services,true
"1094",Uranium-Radium-Vanadium Ores,true
"1099",Metal Ores,true
"1112",Legacy Docket Conv,false
"1211",Bituminous Coal And Lignite(1977),false
"1221",Bituminous Coal And Lignite - Surface,true
"1222",Bituminous Coal - Underground,true
"1231",Anthracite Mining,true
"1241",Coal Mining Services,true
"1311",Crude Petroleum And Natural Gas,true
"1321",Natural Gas Liquids,true
"1381",Drilling Oil And Gas Wells,true
"1382",Oil And Gas Exploration Services,true
"1389",Oil And Gas Field Services,true
"1411",Dimension Stone,true
"1420",Legacy Docket Conv,false
"1422",Crushed And Broken Limestone,true
"1423",Crushed And Broken Granite,true
"1429",Crushed And Broken Stone,true
"1442",Construction Sand And Gravel,true
"1446",Industrial Sand,true
"1455",Kaolin And Ball Clay,true
"1459",Clay And Related Minerals,true
"1474","Potash, Soda, And Borate Minerals",true
"1475",Phosphate Rock,true
"1476",Legacy Docket Conv,false
"1479",Chemical And Fertilizer Mining,true
"1481",Nonmetallic Minerals Services,true
"1499",Miscellaneous Nonmetallic Minerals,true
"1521",Single-Family Housing Construction,true
"1522",Residential Construction,true
"1531",Operative Builders,true
"1541",Industrial Buildings And Warehouses,true
"1542",Nonresidential Construction,true
"1611",Highway And Street Construction,true
"1622","Bridge, Tunnel, & Elevated Highway",true
"1623","Water, Sewer, And Utility Lines",true
"1629",Heavy Construction,true
"1711","Plumbing, Heating, Air-Conditioning",true
"1721",Painting And Paper Hanging,true
"1731",Electrical Work,true
"1741",Masonry And Other Stonework,true
"1742","Plastering, Drywall, And Insulation",true
"1743","Terrazzo, Tile, Marble, Mosaic Work",true
"1751",Carpentry Work,true
"1752",Floor Laying And Floor Work,true
"1761","Roofing, Siding, And Sheet Metal Work",true
"1771",Concrete Work,true
"1781",Water Well Drilling,true
"1791",Structural Steel Erection,true
"1793",Glass And Glazing Work,true
"1794",Excavation Work,true
"1795",Wrecking And Demolition Work,true
"1796",Installing Building Equipment,true
"1799",Special Trade Contractors,true
"2010",Legacy Docket Conv,false
"2011",Meat Packing Plants,true
"2013",Sausages And Other Prepared Meats,true
"2015",Poultry Slaughtering And Processing,true
"2016",Legacy Docket Conv,false
"2017",Legacy Docket Conv,false
"2020",Legacy Docket Conv,false
"2021",Creamery Butter,true
"2022","Cheese, Natural And Processed",true
"2023","Dry, Condensed, Evaporated Products",true
"2024",Ice Cream And Frozen Desserts,true
"2026",Fluid Milk,true
"2032",Canned Specialties,true
"2033",Canned Fruits And Vegetables,true
"2034","Dehydrated Fruits, Vegetables, Soups",true
"2035","Pickles, Sauces, And Salad Dressings",true
"2037",Frozen Fruits And Vegetables,true
"2038",Frozen Specialties,true
"2041",Flour And Other Grain Mill Products,true
"2043",Cereal Breakfast Foods,true
"2044",Rice Milling,true
"2045",Prepared Flour Mixes And Doughs,true
"2046",Wet Corn Milling,true
"2047",Dog And Cat Food,true
"2048",Prepared Feeds,true
"2050",Legacy Docket Conv,false
"2051","Bread, Cake, And Related Products",true
"2052",Cookies And Crackers,true
"2053","Frozen Bakery Products, Except Bread",true
"2061",Raw Cane Sugar,true
"2062",Cane Sugar Refining,true
"2063",Beet Sugar,true
"2064",Candy & Other Confectionery Products,true
"2066",Chocolate And Cocoa Products,true
"2067",Chewing Gum,true
"2068",Salted And Roasted Nuts And Seeds,true
"2074",Cottonseed Oil Mills,true
"2075",Soybean Oil Mills,true
"2076",Vegetable Oil Mills,true
"2077",Animal And Marine Fats And Oils,true
"2079",Edible Fats And Oils,true
"2080",Legacy Docket Conv,false
"2082",Malt Beverages,true
"2083",Malt,true
"2084","Wines, Brandy, And Brandy Spirits",true
"2085",Distilled And Blended Liquors,true
"2086",Bottled And Canned Soft Drinks,true
"2087",Flavoring Extracts And Syrups,true
"2090",Legacy Docket Conv,false
"2091",Canned And Cured Fish And Seafoods,true
"2092",Fresh Or Frozen Prepared Fish,true
"2095",Roasted Coffee,true
"2096",Potato Chips And Similar Snacks,true
"2097",Manufactured Ice for sale,true
"2098","Macaroni, Spagh, Vermi, Noodl",true
"2099",Food Preparations,true
"2111",Cigarettes,true
"2121",Cigars,true
"2131",Chewing And Smoking Tobacco,true
"2141",Tobacco Stemming And Redrying,true
"2211","Broadwoven Fabric Mills, Cotton",true
"2221","Broadwoven Fabric Mills, Manmade",true
"2231","Broadwoven Fabric Mills, Wool",true
"2241",Narrow Fabric Mills,true
"2251","Women's Hosiery, Except Socks",true
"2252",Hosiery,true
"2253",Knit Outerwear Mills,true
"2254",Knit Underwear Mills,true
"2257",Weft Knit Fabric Mills,true
"2258",Lace & Warp Knit Fabric Mills,true
"2259",Knitting Mills,true
"2261","Finishing Plants, Cotton",true
"2262","Finishing Plants, Manmade",true
"2269",Finishing Plants,true
"2271",Legacy Docket Conv,false
"2272",Legacy Docket Conv,false
"2273",Carpets And Rugs,true
"2281",Yarn Spinning Mills,true
"2282",Throwing And Winding Mills,true
"2283",Legacy Docket Conv,false
"2284",Thread Mills,true
"2291",Legacy Docket Conv,false
"2294",Legacy Docket Conv,false
"2295","Coated Fabrics, Not Rubberized",true
"2296",Tire Cord And Fabrics,true
"2297",Nonwoven Fabrics,true
"2298",Cordage And Twine,true
"2299",Textile Goods,true
"2311",Men's And Boys' Suits And Coats,true
"2321",Men's And Boys' Shirts,true
"2322",Men's & Boys' Underwear & Nightwear,true
"2323",Men's And Boys' Neckwear,true
"2325",Men's And Boys' Trousers And Slacks,true
"2326",Men's And Boys' Work Clothing,true
"2329","Men's and Boys' Clothing, Not Elsewhere Classified",true
"2331",Women's & Misses' Blouses & Shirts,true
"2335","Women's, Juniors', & Misses' Dresses",true
"2337",Women's And Misses' Suits And Coats,true
"2339",Women's And Misses' Outerwear,true
"2341",Women's And Children's Underwear,true
"2342","Bras, Girdles, And Allied Garments",true
"2353","Hats, Caps, And Millinery",true
"2361","Girls' & Children's Dresses, Blouses",true
"2369",Girls' And Children's Outerwear,true
"2371",Fur Goods,true
"2381",Fabric Dress And Work Gloves,true
"2384",Robes And Dressing Gowns,true
"2385",Waterproof Outerwear,true
"2386",Leather And Sheep-Lined Clothing,true
"2387",Apparel Belts,true
"2389",Apparel And Accessories,true
"2391",Curtains And Draperies,true
"2392",Housefurnishings,true
"2393",Textile Bags,true
"2394",Canvas And Related Products,true
"2395",Pleating And Stitching,true
"2396",Automotive And Apparel Trimmings,true
"2397",Schiffli Machine Embroideries,true
"2399",Fabricated Textile Products,true
"2411",Logging,true
"2421","Sawmills And Planing Mills, General",true
"2426",Hardwood Dimension & Flooring Mills,true
"2429",Special Product Saw Mills,true
"2431",Millwork,true
"2434",Wood Kitchen Cabinets,true
"2435",Hardwood Veneer And Plywood,true
"2436",Softwood Veneer And Plywood,true
"2439",Structural Wood Members,true
"2441",Nailed Wood Boxes And Shook,true
"2448",Wood Pallets And Skids,true
"2449",Wood Containers,true
"2451",Mobile Homes,true
"2452",Prefabricated Wood Buildings,true
"2491",Wood Preserving,true
"2492",Particleboard(1977),false
"2493",Reconstituted Wood Products,true
"2499",Wood Products,true
"2511",Wood Household Furniture,true
"2512",Upholstered Household Furniture,true
"2514",Metal Household Furniture,true
"2515",Mattresses And Bedsprings,true
"2517",Wood Tv And Radio Cabinets,true
"2519",Household Furniture,true
"2521",Wood Office Furniture,true
"2522","Office Furniture, Except Wood",true
"2531",Public Building & Related Furniture,true
"2541",Wood Partitions And Fixtures,true
"2542","Partitions And Fixtures, Except Wood",true
"2591",Drapery Hardware & Blinds & Shades,true
"2599",Furniture And Fixtures,true
"2611",Pulp Mills,true
"2621",Paper Mills,true
"2631",Paperboard Mills,true
"2641",Legacy Docket Conv,false
"2642",Legacy Docket Conv,false
"2643",Legacy Docket Conv,false
"2645",Legacy Docket Conv,false
"2647",Legacy Docket Conv,false
"2649",Legacy Docket Conv,false
"2652",Setup Paperboard Boxes,true
"2653",Corrugated And Solid Fiber Boxes,true
"2654",Legacy Docket Conv,false
"2655","Fiber Cans, Drums & Similar Products",true
"2656",Sanitary Food Containers,true
"2657",Folding Paperboard Boxes,true
"2661",Legacy Docket Conv,false
"2671","Paper Coated & Laminated, Packaging",true
"2672",Paper Coated And Laminated,true
"2673","Bags: Plastics, Laminated, & Coated",true
"2674",Bags: Uncoated Paper & Multiwall,true
"2675",Die-Cut Paper And Board,true
"2676",Sanitary Paper Products,true
"2677",Envelopes,true
"2678",Stationery Products,true
"2679",Converted Paper Products,true
"2711",Newspapers,true
"2721",Periodicals,true
"2731",Book Publishing,true
"2732",Book Printing,true
"2741",Miscellaneous Publishing,true
"2751",Legacy Docket Conv,false
"2752","Commercial Printing, Lithographic",true
"2753",Legacy Docket Conv,false
"2754","Commercial Printing, Gravure",true
"2759",Commercial Printing,true
"2761",Manifold Business Forms,true
"2771",Greeting Cards,true
"2782",Blankbooks And Looseleaf Binders,true
"2789",Bookbinding And Related Work,true
"2791",Typesetting,true
"2793",Legacy Docket Conv,false
"2795",Legacy Docket Conv,false
"2796",Platemaking Services,true
"2812",Alkalies And Chlorine,true
"2813",Industrial Gases,true
"2816",Inorganic Pigments,true
"2819",Industrial Inorganic Chemicals,true
"2821",Plastics Materials And Resins,true
"2822",Synthetic Rubber,true
"2823",Cellulosic Manmade Fibers,true
"2824","Organic Fibers, Noncellulosic",true
"2831",Biological Products(1977),false
"2833",Medicinals And Botanicals,true
"2834",Pharmaceutical Preparations,true
"2835",Diagnostic Substances,true
"2836",Biological Products Except Diagnostic,true
"2840",Legacy Docket Conv,false
"2841",Soap And Other Detergents,true
"2842",Polishes And Sanitation Goods,true
"2843",Surface Active Agents,true
"2844",Toilet Preparations,true
"2850",Legacy Docket Conv,false
"2851",Paints And Allied Products,true
"2860",Legacy Docket Conv,false
"2861",Gum And Wood Chemicals,true
"2865",Cyclic Crudes And Intermediates,true
"2869",Industrial Organic Chemicals,true
"2870",Legacy Docket Conv,false
"2873",Nitrogenous Fertilizers,true
"2874",Phosphatic Fertilizers,true
"2875","Fertilizers, Mixing Only",true
"2879",Agricultural Chemicals,true
"2890",Legacy Docket Conv,false
"2891",Adhesives And Sealants,true
"2892",Explosives,true
"2893",Printing Ink,true
"2895",Carbon Black,true
"2899",Chemical Preparations,true
"2910",Legacy Docket Conv,false
"2911",Petroleum Refining,true
"2951",Asphalt Paving Mixtures And Blocks,true
"2952",Asphalt Felts And Coatings,true
"2992",Lubricating Oils And Greases,true
"2999",Petroleum And Coal Products,true
"3010",Legacy Docket Conv,false
"3011",Tires And Inner Tubes,true
"3021",Rubber And Plastics Footwear,true
"3041",Legacy Docket Conv,false
"3052",Rubber & Plastics Hose & Belting,true
"3053","Gaskets, Packing And Sealing Devices",true
"3060",Legacy Docket Conv,false
"3061",Mechanical Rubber Goods,true
"3069",Fabricated Rubber Products,true
"3079",Legacy Docket Conv,false
"3081",Unsupported Plastics Film & Sheet,true
"3082",Unsupported Plastics Profile Shapes,true
"3083",Laminated Plastics Plate & Sheet,true
"3084",Plastics Pipe,true
"3085",Plastics Bottles,true
"3086",Plastics Foam Products,true
"3087",Custom Compound Purchased Resins,true
"3088",Plastics Plumbing Fixtures,true
"3089",Plastics Products,true
"3111",Leather Tanning And Finishing,true
"3131",Footwear Cut Stock,true
"3142",House Slippers,true
"3143","Men's Footwear, Except Athletic",true
"3144","Women's Footwear, Except Athletic",true
"3149","Footwear, Except Rubber",true
"3151",Leather Gloves And Mittens,true
"3161",Luggage,true
"3171",Women's Handbags And Purses,true
"3172",Personal Leather Goods,true
"3199",Leather Goods,true
"3211",Flat Glass,true
"3221",Glass Containers,true
"3229",Pressed And Blown Glass,true
"3231",Products Of Purchased Glass,true
"3241","Cement, Hydraulic",true
"3251",Brick And Structural Clay Tile,true
"3253",Ceramic Wall And Floor Tile,true
"3255",Clay Refractories,true
"3259",Structural Clay Products,true
"3261",Vitreous Plumbing Fixtures,true
"3262",Vitreous China Table & Kitchenware,true
"3263",Semivitreous Table & Kitchenware,true
"3264",Porcelain Electrical Supplies,true
"3269",Pottery Products,true
"3271",Concrete Block And Brick,true
"3272",Concrete Products,true
"3273",Ready-Mixed Concrete,true
"3274",Lime,true
"3275",Gypsum Products,true
"3281",Cut Stone And Stone Products,true
"3291",Abrasive Products,true
"3292",Asbestos Products,true
"3293",Legacy Docket Conv,false
"3295","Minerals, Ground Or Treated",true
"3296",Mineral Wool,true
"3297",Nonclay Refractories,true
"3299",Nonmetallic Mineral Products,true
"3310",Legacy Docket Conv,false
"3312",Blast Furnaces And Steel Mills,true
"3313",Electrometallurgical Products,true
"3315",Steel Wire And Related Products,true
"3316",Cold Finishing Of Steel Shapes,true
"3317",Steel Pipe And Tubes,true
"3320",Legacy Docket Conv,false
"3321",Gray And Ductile Iron Foundries,true
"3322",Malleable Iron Foundries,true
"3324",Steel Investment Foundries,true
"3325",Steel Foundries,true
"3331",Primary Copper,true
"3332",Legacy Docket Conv,false
"3333",Legacy Docket Conv,false
"3334",Primary Aluminum,true
"3339",Primary Nonferrous Metals,true
"3341",Secondary Nonferrous Metals,true
"3351",Copper Rolling And Drawing,true
"3353","Aluminum Sheet, Plate, And Foil",true
"3354",Aluminum Extruded Products,true
"3355",Aluminum Rolling And Drawing,true
"3356",Nonferrous Rolling And Drawing,true
"3357",Nonferrous Wiredrawing & Insulating,true
"3361",Legacy Docket Conv,false
"3362",Legacy Docket Conv,false
"3363",Aluminum Die-Castings,true
"3364",Nonferrous Die-Casting Except Aluminum,true
"3365",Aluminum Foundries,true
"3366",Copper Foundries,true
"3369",Nonferrous Foundries,true
"3398",Metal Heat Treating,true
"3399",Primary Metal Products,true
"3411",Metal Cans,true
"3412","Metal Barrels, Drums, And Pails",true
"3421",Cutlery,true
"3423",Hand And Edge Tools,true
"3425",Saw Blades And Handsaws,true
"3429","Hardware, Not Elsewhere Classified",true
"3431",Metal Sanitary Ware,true
"3432",Plumbing Fixture Fittings And Trim,true
"3433","Heating Equipment, Except Electric",true
"3441",Fabricated Structural Metal,true
"3442","Metal Doors, Sash, And Trim",true
"3443",Fabricated Plate Work (Boiler Shops),true
"3444",Sheet Metal Work,true
"3446",Architectural Metal Work,true
"3448",Prefabricated Metal Buildings,true
"3449",Miscellaneous Metal Work,true
"3451",Screw Machine Products,true
"3452","Bolts, Nuts, Rivets, And Washers",true
"3462",Iron And Steel Forgings,true
"3463",Nonferrous Forgings,true
"3465",Automotive Stampings,true
"3466",Crowns And Closures,true
"3469",Metal Stampings,true
"3470",Legacy Docket Conv,false
"3471",Plating And Polishing,true
"3479",Metal Coating And Allied Services,true
"3482",Small Arms Ammunition,true
"3483","Ammunition, Except For Small Arms",true
"3484",Small Arms,true
"3489",Ordnance And Accessories,true
"3491",Industrial Valves,true
"3492",Fluid Power Valves & Hose Fittings,true
"3493","Steel Springs, Except Wire",true
"3494",Valves And Pipe Fittings,true
"3495",Wire Springs,true
"3496",Miscellaneous Fabricated Wire Products,true
"3497",Metal Foil And Leaf,true
"3498",Fabricated Pipe And Fittings,true
"3499",Fabricated Metal Products,true
"3511",Turbines And Turbine Generator Sets,true
"3519",Internal Combustion Engines,true
"3523",Farm Machinery And Equipment,true
"3524",Lawn And Garden Equipment,true
"3531",Construction Machinery,true
"3532",Mining Machinery,true
"3533",Oil And Gas Field Machinery,true
"3534",Elevators And Moving Stairways,true
"3535",Conveyors And Conveying Equipment,true
"3536","Hoists, Cranes, And Monorails",true
"3537",Industrial Trucks And Tractors,true
"3541","Machine Tools, Metal Cutting Types",true
"3542","Machine Tools, Metal Forming Types",true
"3543",Industrial Patterns,true
"3544","Special Dies, Tools, Jigs & Fixtures",true
"3545",Machine Tool Accessories,true
"3546",Power-Driven Handtools,true
"3547",Rolling Mill Machinery,true
"3548",Welding Apparatus,true
"3549",Metalworking Machinery,true
"3550",Legacy Docket Conv,false
"3551",Legacy Docket Conv,false
"3552",Textile Machinery,true
"3553",Woodworking Machinery,true
"3554",Paper Industries Machinery,true
"3555",Printing Trades Machinery,true
"3556",Food Products Machinery,true
"3559",Special Industry Machinery,true
"3560",Legacy Docket Conv,false
"3561",Pumps And Pumping Equipment,true
"3562",Ball And Roller Bearings,true
"3563",Air And Gas Compressors,true
"3564",Blowers And Fans,true
"3565",Packaging Machinery,true
"3566","Speed Changers, Drives, And Gears",true
"3567",Industrial Furnaces And Ovens,true
"3568",Power Transmission Equipment,true
"3569",General Industrial Machinery,true
"3571",Electronic Computers,true
"3572",Computer Storage Devices,true
"3573",Legacy Docket Conv,false
"3575",Computer Terminals,true
"3577",Computer Peripheral Equipment,true
"3578",Calculating And Accounting Equipment,true
"3579",Office Machines,true
"3581",Automatic Vending Machines,true
"3582",Commercial Laundry Equipment,true
"3585",Refrigeration And Heating Equipment,true
"3586",Measuring And Dispensing Pumps,true
"3589",Service Industry Machinery,true
"3592","Carburetors, Pistons, Rings, Valves",true
"3593",Fluid Power Cylinders & Actuators,true
"3594",Fluid Power Pumps And Motors,true
"3596","Scales And Balances, Except Laboratory",true
"3599",Industrial Machinery,true
"3610",Legacy Docket Conv,false
"3612","Transformers, Except Electronic",true
"3613",Switchgear And Switchboard Apparatus,true
"3621",Motors And Generators,true
"3622",Legacy Docket Conv,false
"3623",Legacy Docket Conv,false
"3624",Carbon And Graphite Products,true
"3625",Relays And Industrial Controls,true
"3629",Electrical Industrial Apparatus,true
"3630",Legacy Docket Conv,false
"3631",Household Cooking Equipment,true
"3632",Household Refrigerators And Freezers,true
"3633",Household Laundry Equipment,true
"3634",Electric Housewares And Fans,true
"3635",Household Vacuum Cleaners,true
"3636",Legacy Docket Conv,false
"3639",Household Appliances,true
"3641",Electric Lamps,true
"3643",Current-Carrying Wiring Devices,true
"3644",Noncurrent-Carrying Wiring Devices,true
"3645",Residential Lighting Fixtures,true
"3646",Commercial Lighting Fixtures,true
"3647",Vehicular Lighting Equipment,true
"3648",Lighting Equipment,true
"3651",Household Audio And Video Equipment,true
"3652",Prerecorded Records And Tapes,true
"3661",Telephone And Telegraph Apparatus,true
"3662",Radio/TV Communication Equipmn(1977),false
"3663",Radio & TV Communications Equipment,true
"3669",Communications Equipment,true
"3670",Legacy Docket Conv,false
"3671",Electron Tubes,true
"3672",Printed Circuit Boards,true
"3674",Semiconductors And Related Devices,true
"3675",Electronic Capacitors,true
"3676",Electronic Resistors,true
"3677",Electronic Coils And Transformers,true
"3678",Electronic Connectors,true
"3679",Electronic Components,true
"3691",Storage Batteries,true
"3692","Primary Batteries, Dry And Wet",true
"3694",Engine Electrical Equipment,true
"3695",Magnetic And Optical Recording Media,true
"3699",Electrical Equipment & Supplies,true
"3710",Legacy Docket Conv,false
"3711",Motor Vehicles And Car Bodies,true
"3713",Truck And Bus Bodies,true
"3714",Motor Vehicle Parts And Accessories,true
"3715",Truck Trailers,true
"3716",Motor Homes,true
"3721",Aircraft,true
"3724",Aircraft Engines And Engine Parts,true
"3728",Aircraft Parts And Equipment,true
"3731",Ship Building And Repairing,true
"3732",Boat Building And Repairing,true
"3743",Railroad Equipment,true
"3751","Motorcycles, Bicycles, And Parts",true
"3761",Guided Missiles And Space Vehicles,true
"3764",Space Propulsion Units And Parts,true
"3769",Space Vehicle Equipment,true
"3792",Travel Trailers And Campers,true
"3795",Tanks And Tank Components,true
"3799",Transportation Equipment,true
"3811",Engineering & Scientific Instruments(1977),false
"3812",Search And Navigation Equipment,true
"3821",Laboratory Apparatus And Furniture,true
"3822",Environmental Controls,true
"3823",Process Control Instruments,true
"3824",Fluid Meters And Counting Devices,true
"3825",Instruments To Measure Electricity,true
"3826",Analytical Instruments,true
"3827",Optical Instruments And Lenses,true
"3829",Measuring & Controlling Devices,true
"3832",Optical Instruments And Lenses(1977),false
"3841",Surgical And Medical Instruments,true
"3842",Surgical Appliances And Supplies,true
"3843",Dental Equipment And Supplies,true
"3844",X-Ray Apparatus And Tubes,true
"3845",Electromedical Equipment,true
"3851",Ophthalmic Goods - Manufacturing,true
"3861",Photographic Equipment And Supplies,true
"3873","Watches, Clocks, Watchcases & Parts",true
"3911","Jewelry, Precious Metal",true
"3914",Silverware And Plated Ware,true
"3915",Jewelers' Materials & Lapidary Work,true
"3931",Musical Instruments,true
"3942",Dolls And Stuffed Toys,true
"3944","Games, Toys, And Children's Vehicles",true
"3949",Sporting And Athletic Goods,true
"3951",Pens And Mechanical Pencils,true
"3952",Lead Pencils And Art Goods,true
"3953",Marking Devices,true
"3955",Carbon Paper And Inked Ribbons,true
"3961",Costume Jewelry,true
"3965","Fasteners, Buttons, Needles, & Pins",true
"3991",Brooms And Brushes,true
"3993",Signs And Advertising Specialities,true
"3995",Burial Caskets,true
"3996",Hard Surface Floor Coverings,true
"3999",Manufacturing Industries,true
"4011","Railroads, Line-Haul Operating",true
"4013",Switching And Terminal Services,true
"4110",Legacy Docket Conv,false
"4111",Local And Suburban Transit,true
"4119",Local Passenger Transportation,true
"4121",Taxicabs,true
"4131",Intercity & Rural Bus Transportation,true
"4141",Local Bus Charter Service,true
"4142","Bus Charter Service, Except Local",true
"4151",School Buses,true
"4173",Bus Terminal And Service Facilities,true
"4212","Local Trucking, Without Storage",true
"4213","Trucking, Except Local",true
"4214",Local Trucking With Storage,true
"4215","Courier Services, Except By Air",true
"4221",Farm Product Warehousing And Storage,true
"4222",Refrigerated Warehousing And Storage,true
"4224",Legacy Docket Conv,false
"4225",General Warehousing And Storage,true
"4226",Special Warehousing And Storage,true
"4231",Trucking Terminal Facilities,true
"4311",U.S. Postal Service,true
"4412",Deep Sea Foreign Trans. Of Freight,true
"4423",Legacy Docket Conv,false
"4424",Deep Sea Domestic Trans. Of Freight,true
"4425",Legacy Docket Conv,false
"4432",Freight Trans. On The Great Lakes,true
"4441",Legacy Docket Conv,false
"4449",Water Transportation Of Freight,true
"4452",Legacy Docket Conv,false
"4469",Legacy Docket Conv,false
"4481","Deep Sea Passenger Trans., Except Ferry",true
"4482",Ferries,true
"4489",Water Passenger Transportation,true
"4491",Marine Cargo Handling,true
"4492",Towing And Tugboat Service,true
"4493",Marinas,true
"4499",Water Transportation Services,true
"4511",Legacy Docket Conv,false
"4512","Air Transportation, Scheduled",true
"4513",Air Courier Services,true
"4521",Legacy Docket Conv,false
"4522","Air Transportation, Nonscheduled",true
"4581","Airports, Flying Fields, & Services",true
"4582",Legacy Docket Conv,false
"4612",Crude Petroleum Pipelines,true
"4613",Refined Petroleum Pipelines,true
"4619",Pipelines,true
"4722",Legacy Docket Conv,false
"4723",Legacy Docket Conv,false
"4724",Travel Agencies,true
"4725",Tour Operators,true
"4729",Passenger Transport Arrangement,true
"4731",Freight Transportation Arrangement,true
"4741",Rental Of Railroad Cars,true
"4742",Railroad Car Rental With Serv(1977),false
"4743",Legacy Docket Conv,false
"4783",Packing And Crating,true
"4785",Inspection & Fixed Facilities,true
"4789",Transportation Services,true
"4812",Radiotelephone Communications,true
"4813","Telephone Communications, Except Radio",true
"4822",Telegraph & Other Communications,true
"4832",Radio Broadcasting Stations,true
"4833",Television Broadcasting Stations,true
"4841",Cable And Other Pay TV Services,true
"4899",Communications Services,true
"4910",Legacy Docket Conv,false
"4911",Electric Services,true
"4922",Natural Gas Transmission,true
"4923",Gas Transmission And Distribution,true
"4924",Natural Gas Distribution,true
"4925",Gas Production And/Or Distribution,true
"4930",Legacy Docket Conv,false
"4931",Electric And Other Services Combined,true
"4932",Gas And Other Services Combined,true
"4939",Combination Utilities,true
"4940",Legacy Docket Conv,false
"4941",Water Supply,true
"4950",Legacy Docket Conv,false
"4952",Sewerage Systems,true
"4953",Refuse Systems,true
"4959",Sanitary Services,true
"4961",Steam And Air-Conditioning Supply,true
"4971",Irrigation Systems,true
"5012",Automobiles And Other Motor Vehicles,true
"5013",Motor Vehicle Supplies And New Parts,true
"5014",Tires And Tubes,true
"5015","Motor Vehicle Parts, Used",true
"5021",Furniture,true
"5023",Homefurnishings,true
"5031","Lumber, Plywood, And Millwork",true
"5032","Brick, Stone, & Related Materials",true
"5033","Roofing, Siding, & Insulation",true
"5039",Construction Materials,true
"5043",Photographic Equipment and Supplies - Wholesale Distribution,true
"5044",Office Equipment,true
"5045","Computers, Peripherals & Software",true
"5046",Commercial Equipment,true
"5047",Medical And Hospital Equipment,true
"5048",Ophthalmic Goods - Wholesale Distribution,true
"5049",Professional Equipment,true
"5051",Metals Service Centers And Offices,true
"5052",Coal And Other Minerals And Ores,true
"5063",Electrical Apparatus And Equipment,true
"5064","Electrical Appliances, TV & Radios",true
"5065",Electronic Parts And Equipment,true
"5072",Wholesale Trade - Hardware,true
"5074",Plumbing & Hydronic Heating Supplies,true
"5075",Warm Air Heating & Air-Conditioning,true
"5078",Refrigeration Equipment And Supplies,true
"5081",Legacy Docket Conv,false
"5082",Construction And Mining Machinery,true
"5083",Farm And Garden Machinery,true
"5084",Industrial Machinery And Equipment,true
"5085",Industrial Supplies,true
"5086",Legacy Docket Conv,false
"5087",Service Establishment Equipment,true
"5088",Transportation Equipment & Supplies,true
"5090",Legacy Docket Conv,false
"5091",Sporting & Recreational Goods,true
"5092",Toys And Hobby Goods And Supplies,true
"5093",Scrap And Waste Materials,true
"5094",Jewelry & Precious Stones,true
"5099",Durable Goods,true
"5111",Printing And Writing Paper,true
"5112",Stationery And Office Supplies,true
"5113",Industrial & Personal Service Paper,true
"5122","Drugs, Proprietaries, And Sundries",true
"5131",Piece Goods & Notions,true
"5136",Wholesale Trade - Men's and Boys' Clothing,true
"5137",Women's And Children's Clothing,true
"5139",Footwear,true
"5141","Groceries, General Line",true
"5142",Packaged Frozen Foods,true
"5143","Dairy Products, Except Dried Or Canned",true
"5144",Poultry And Poultry Products,true
"5145",Confectionery,true
"5146",Fish And Seafoods,true
"5147",Meats And Meat Products,true
"5148",Fresh Fruits And Vegetables,true
"5149",Groceries And Related Products,true
"5153",Grain And Field Beans,true
"5154",Livestock,true
"5159",Farm-Product Raw Materials,true
"5161",Chemicals And Allied Products(1977),false
"5162",Plastics Materials & Basic Shapes,true
"5169",Chemicals & Allied Products,true
"5170",Legacy Docket Conv,false
"5171",Petroleum Bulk Stations & Terminals,true
"5172",Petroleum Products,true
"5181",Beer And Ale,true
"5182",Wine And Distilled Beverages,true
"5191",Farm Supplies,true
"5192","Books, Periodicals, & Newspapers",true
"5193",Flowers & Florists' Supplies,true
"5194",Tobacco And Tobacco Products,true
"5198","Paints, Varnishes, And Supplies",true
"5199",Nondurable Goods,true
"5211",Lumber And Other Building Materials,true
"5231","Paint, Glass, And Wallpaper Stores",true
"5251",Hardware Stores,true
"5261",Retail Nurseries And Garden Stores,true
"5271",Mobile Home Dealers,true
"5311",Department Stores,true
"5331",Variety Stores,true
"5399",Miscellaneous General Merchandise Stores,true
"5410",Legacy Docket Conv,false
"5411",Grocery Stores,true
"5421",Meat And Fish Markets,true
"5431",Fruit And Vegetable Markets,true
"5441","Candy, Nut, And Confectionery Stores",true
"5451",Dairy Products Stores,true
"5461",Retail Bakeries,true
"5490",Legacy Docket Conv,false
"5499",Miscellaneous Food Stores,true
"5511",New And Used Car Dealers,true
"5521",Used Car Dealers,true
"5531",Auto And Home Supply Stores,true
"5541",Gasoline Service Stations,true
"5551",Boat Dealers,true
"5561",Recreational Vehicle Dealers,true
"5571",Motorcycle Dealers,true
"5599",Automotive Dealers,true
"5611",Men's & Boys' Clothing Stores,true
"5621",Women's Clothing Stores,true
"5632",Women's Accessory & Specialty Stores,true
"5641",Children's And Infants' Wear Stores,true
"5651",Family Clothing Stores,true
"5661",Shoe Stores,true
"5699",Miscellaneous Apparel & Accessory Stores,true
"5712",Furniture Stores,true
"5713",Floor Covering Stores,true
"5714",Drapery And Upholstery Stores,true
"5719",Miscellaneous Homefurnishings Stores,true
"5722",Household Appliance Stores,true
"5731","Radio, TV, & Electronic Stores",true
"5734",Computer And Software Stores,true
"5735",Record & Prerecorded Tape Stores,true
"5736",Musical Instrument Stores,true
"5812",Eating Places,true
"5813",Drinking Places,true
"5912",Drug Stores And Proprietary Stores,true
"5921",Liquor Stores,true
"5931",Legacy Docket Conv,false
"5932",Used Merchandise Stores,true
"5941",Sporting Goods And Bicycle Shops,true
"5942",Book Stores,true
"5943",Stationery Stores,true
"5944",Jewelry Stores,true
"5945","Hobby, Toy, And Game Shops",true
"5946",Camera & Photographic Supply Stores,true
"5947","Gift, Novelty, And Souvenir Shops",true
"5948",Luggage And Leather Goods Stores,true
"5949","Sewing, Needlework, And Piece Goods",true
"5961",Catalog And Mail-Order Houses,true
"5962",Merchandising Machine Operators,true
"5963",Direct Selling Establishments,true
"5983",Fuel Oil Dealers,false
"5984",Liquefied Petroleum Gas Dealers,true
"5989",Fuel Dealers 599 Retail Stores,true
"5992",Florists,true
"5993",Tobacco Stores And Stands,true
"5994",News Dealers And Newsstands,true
"5995",Optical Goods Stores,true
"5999",Miscellaneous Retail Stores,true
"6011",Federal Reserve Banks,true
"6019",Central Reserve Depository,true
"6021",National Commercial Banks,true
"6022",State Commercial Banks,true
"6029",Commercial Banks,true
"6035",Federal Savings Institutions,true
"6036","Savings Institutions, Except Federal",true
"6061",Federal Credit Unions,true
"6062",State Credit Unions,true
"6081",Foreign Bank & Branches & Agencies,true
"6082",Foreign Trade & International Banks,true
"6091",Nondeposit Trust Facilities,true
"6099",Functions Related To Deposit Banking,true
"6111",Federal & Fed.-Sponsored Credit,true
"6141",Personal Credit Institutions,true
"6143",Legacy Docket Conv,false
"6153",Short-Term Business Credit,true
"6159",Miscellaneous Business Credit Institutions,true
"6162",Mortgage Bankers And Correspondents,true
"6163",Loan Brokers,true
"6211",Security Brokers And Dealers,true
"6221","Commodity Contracts Brokers, Dealers",true
"6231",Security And Commodity Exchanges,true
"6282",Investment Advice,true
"6289",Security & Commodity Services,true
"6311",Life Insurance,true
"6321",Accident And Health Insurance,true
"6324",Hospital And Medical Service Plans,true
"6331","Fire, Marine, And Casualty Insurance",true
"6351",Surety Insurance,true
"6361",Title Insurance,true
"6371","Pension, Health, And Welfare Funds",true
"6399",Insurance Carriers,true
"6411","Insurance Agents, Brokers, & Service",true
"6510",Legacy Docket Conv,false
"6512",Nonresidential Building Operators,true
"6513",Apartment Building Operators,true
"6514","Dwelling Operators, Except Apartments",true
"6515",Mobile Home Site Operators,true
"6517",Railroad Property Lessors,true
"6519",Real Property Lessors,true
"6531",Real Estate Agents And Managers,true
"6541",Title Abstract Offices,true
"6552",Subdividers And Developers,true
"6553",Cemetery Subdividers And Developers,true
"6711",Legacy Docket Conv,false
"6712",Bank Holding Companies,true
"6719",Holding Companies,true
"6722","Management Investment, Open-End",true
"6726",Investment Offices,true
"6732","Educational, Religious, Etc. Trusts",true
"6733",Trusts,true
"6792",Oil Royalty Traders,true
"6794",Patent Owners And Lessors,true
"6798",Real Estate Investment Trusts,true
"6799",Investors,true
"7011",Hotels And Motels,true
"7021",Rooming And Boarding Houses,true
"7032",Sporting And Recreational Camps,true
"7033",Trailer Parks And Campsites,true
"7041",Membership-Basis Organization Hotels,true
"7211","Power Laundries, Family & Commercial",true
"7212",Garment Pressing & Cleaners' Agents,true
"7213",Linen Supply,true
"7215",Coin-Operated Laundries And Cleaning,true
"7216","Drycleaning Plants, Except Rug",true
"7217",Carpet And Upholstery Cleaning,true
"7218",Industrial Launderers,true
"7219",Laundry And Garment Services,true
"7221","Photographic Studios, Portrait",true
"7231",Beauty Shops,true
"7241",Barber Shops,true
"7251",Shoe Repair And Shoeshine Parlors,true
"7261",Funeral Service And Crematories,true
"7291",Tax Return Preparation Services,true
"7299",Miscellaneous Personal Services,true
"7311",Advertising Agencies,true
"7312",Outdoor Advertising Services,true
"7313","Radio, TV, Publisher Representatives",true
"7319",Advertising,true
"7322",Adjustment & Collection Services,true
"7323",Credit Reporting Services,true
"7331",Direct Mail Advertising Services,true
"7334",Photocopying & Duplicating Services,true
"7335",Commercial Photography,true
"7336",Commercial Art And Graphic Design,true
"7338",Secretarial & Court Reporting,true
"7342",Disinfecting & Pest Control Services,true
"7349",Building Maintenance Services,true
"7352",Medical Equipment Rental,true
"7353",Heavy Construction Equipment Rental,true
"7359",Equipment Rental & Leasing,true
"7361",Employment Agencies,true
"7363",Help Supply Services,true
"7371",Computer Programming Services,true
"7372",Prepackaged Software,true
"7373",Computer Integrated Systems Design,true
"7374",Data Processing And Preparation,true
"7375",Information Retrieval Services,true
"7376",Computer Facilities Management,true
"7377",Computer Rental & Leasing,true
"7378",Computer Maintenance & Repair,true
"7379",Computer Related Services,true
"7381",Detective & Armored Car Services,true
"7382",Security Systems Services,true
"7383",News Syndicates,true
"7384",Photofinishing Laboratories,true
"7389",Business Services,true
"7391",Research & Development Laboratories(1977),false
"7392",Legacy Docket Conv,false
"7397",Legacy Docket Conv,false
"7399",Legacy Docket Conv,false
"7513","Truck Rental And Leasing, No Drivers",true
"7514",Passenger Car Rental,true
"7515",Passenger Car Leasing,true
"7519",Utility Trailer Rental,true
"7521",Automobile Parking,true
"7532",Top & Body Repair & Paint Shops,true
"7533",Auto Exhaust System Repair Shops,true
"7534",Tire Retreading And Repair Shops,true
"7536",Automotive Glass Replacement Shops,true
"7537",Automotive Transmission Repair Shops,true
"7538",General Automotive Repair Shops,true
"7539",Automotive Repair Shops,true
"7542",Carwashes,true
"7549",Automotive Services,true
"7622",Radio And Television Repair,true
"7623",Refrigeration Service And Repair,true
"7629",Electrical Repair Shops,true
"7631","Watch, Clock, And Jewelry Repair",true
"7641",Reupholstery And Furniture Repair,true
"7692",Welding Repair,true
"7694",Armature Rewinding Shops,true
"7699",Repair Services,true
"7812",Motion Picture & Video Production,true
"7819",Services Allied To Motion Pictures,true
"7822",Motion Picture And Tape Distribution,true
"7829",Motion Picture Distribution Services,true
"7832","Motion Picture Theaters, Except Drive-In",true
"7833",Drive-In Motion Picture Theaters,true
"7841",Video Tape Rental,true
"7911","Dance Studios, Schools, And Halls",true
"7922",Theatrical Producers And Services,true
"7929",Entertainers & Entertainment Groups,true
"7933",Bowling Centers,true
"7941","Sports Clubs, Managers, & Promoters",true
"7948","Racing, Including Track Operation",true
"7991",Physical Fitness Facilities,true
"7992",Public Golf Courses,true
"7993",Coin-Operated Amusement Devices,true
"7996",Amusement Parks,true
"7997",Membership Sports & Recreation Clubs,true
"7999",Amusement And Recreation,true
"8011",Offices & Clinics Of Medical Doctors,true
"8021",Offices And Clinics Of Dentists,true
"8031",Offices Of Osteopathic Physicians,true
"8041",Offices And Clinics Of Chiropractors,true
"8042",Offices And Clinics Of Optometrists,true
"8043",Offices And Clinics Of Podiatrists,true
"8049",Offices Of Health Practitioners,true
"8051",Skilled Nursing Care Facilities,true
"8052",Intermediate Care Facilities,true
"8059",Nursing And Personal Care,true
"8061",Legacy Docket Conv,false
"8062",General Medical & Surgical Hospitals,true
"8063",Psychiatric Hospitals,true
"8069",Specialty Hospitals Except Psychiatric,true
"8071",Medical Laboratories,true
"8072",Dental Laboratories,true
"8082",Home Health Care Services,true
"8092",Kidney Dialysis Centers,true
"8093",Specialty Outpatient Clinics,true
"8099",Health And Allied Services,true
"8111",Legal Services,true
"8210",Legacy Docket Conv,false
"8211",Elementary And Secondary Schools,true
"8221",Colleges And Universities,true
"8222",Junior Colleges,true
"8231",Libraries,true
"8243",Data Processing Schools,true
"8244",Business And Secretarial Schools,true
"8249",Vocational Schools,true
"8299",Schools & Educational Services,true
"8321",Legacy Docket Conv,false
"8322",Individual And Family Services,true
"8331",Job Training And Related Services,true
"8351",Child Day Care Services,true
"8361",Residential Care,true
"8399",Social Services,true
"8411",Legacy Docket Conv,false
"8412",Museums And Art Galleries,true
"8422",Botanical And Zoological Gardens,true
"8611",Business Associations,true
"8621",Professional Organizations,true
"8631",Labor Organizations,true
"8641",Civic And Social Associations,true
"8651",Political Organizations,true
"8661",Religious Organizations,true
"8699",Membership Organizations,true
"8711",Engineering Services,true
"8712",Architectural Services,true
"8713",Surveying Services,true
"8721","Accounting, Auditing, & Bookkeeping",true
"8731",Commercial Physical Research,true
"8732",Commercial Nonphysical Research,true
"8733",Noncommercial Research Organizations,true
"8734",Testing Laboratories,true
"8741",Management Services,true
"8742",Management Consulting Services,true
"8743",Public Relations Services,true
"8744",Facilities Support Services,true
"8748",Business Consulting,true
"8811",Private Households,true
"8911",Legacy Docket Conv,false
"8922",Noncommercial Research Organizations(1977),false
"8999",Services,true
"9111",Executive Offices,true
"9121",Legislative Bodies,true
"9131",Executive And Legislative Combined,true
"9190",Legacy Docket Conv,false
"9199",General Government,true
"9211",Courts,false
"9221",Police Protection,true
"9222",Legal Counsel And Prosecution,true
"9223",Correctional Institutions,true
"9224",Fire Protection,true
"9229",Public Order And Safety,true
"9311","Finance, Taxation, & Monetary Policy",true
"9411",Admin. Of Educational Programs,true
"9431",Admin. Of Public Health Programs,true
"9441",Admin. Of Social & Manpower Programs,true
"9451",Administration Of Veterans' Affairs,true
"9511","Air, Water, & Solid Waste Management",true
"9512","Land, Mineral, Wildlife Conservation",true
"9531",Housing Programs,true
"9532",Urban And Community Development,true
"9611",Administration Of General Economic Programs,true
"9621","Regulation, Administration Of Transportation",true
"9631","Regulation, Administration Of Utilities",true
"9641",Regulation Of Agricultural Marketing,true
"9651",Regulation Miscellaneous Commercial Sectors,true
"9661",Space Research And Technology,true
"9711",National Security,true
"9721",International Affairs,true
"9999",Nonclassifiable Establishments,true
